{
    "loss": 0.5296822190284729,
    "accuracy": 0.8039215803146362
}