{
    "loss": 0.5473200082778931,
    "accuracy": 0.9803921580314636
}