{
    "loss": 3.199103355407715,
    "accuracy": 0.8039215803146362
}